ACCT_NUMBER,CITY,ENDUSE,CSCHJAN_2018,CSCHFEB_2018,CSCHMAR_2018,CSCHAPR_2018,CSCHMAY_2018,CSCHJUN_2018,CSCHJUL_2018,CSCHAUG_2018,CSCHSEP_2018,CSCHOCT_2018,CSCHNOV_2018,CSCHDEC_2018,KWH_JAN_2018,KWH_FEB_2018,KWH_MAR_2018,KWH_APR_2018,KWH_MAY_2018,KWH_JUN_2018,KWH_JUL_2018,KWH_AUG_2018,KWH_SEP_2018,KWH_OCT_2018,KWH_NOV_2018,KWH_DEC_2018,SOLAR_Boolean,BEDROOMS,GARAGE,HEAT_AIR_COND,TOTAL_AREA,TOTAL_ROOMS,DECADE_BUILT,rtsched_jan,rtsched_feb,rtsched_mar,rtsched_apr,rtsched_may,rtsched_jun,rtsched_jul,rtsched_aug,rtsched_sep,rtsched_oct,rtsched_nov,rtsched_dec,thrm_jan,thrm_feb,thrm_mar,thrm_apr,thrm_may,thrm_jun,thrm_jul,thrm_aug,thrm_sep,thrm_oct,thrm_nov,thrm_dec,Advanced_Vehicle_Fuel,total_therms,months_above
100246,MOUNTAIN VIEW,BASIC ELECTRICITY,E1,E1,E1,E1,E1,E1,E1,E1,E1,E1,E1,E1,1715,1543,1457,1467,1384,1372,1519,1479,1662,1644,1622,1835,0,1,1,H,750,4,1970,GM,GM,GM,GM,GM,GM,GM,GM,GM,GM,GM,GM,970.0,1001.0,975.0,995.0,925.0,878.0,880.0,835.0,893.0,830.0,875.0,966.0,ELECTRIC,11023.0,0
100322,MOUNTAIN VIEW,BASIC ELECTRICITY,E1,E1,E1,E1,E1,E1,E1,E1,E1,E1,E1,E1,1955,1704,1898,1740,1656,1661,1574,1802,1717,1877,2363,2324,0,1,1,H,750,4,1970,GM,GM,GM,GM,GM,GM,GM,GM,GM,GM,GM,GM,930.0,897.0,927.0,857.0,785.0,736.0,721.0,666.0,733.0,694.0,749.0,869.0,ELECTRIC,9564.0,0
100516,MOUNTAIN VIEW,BASIC ELECTRICITY,E1,E1,E1,E1,E1,E1,E1,E1,E1,E1,E1,E1,1152,1134,1069,1062,966,1057,1118,1128,1065,1136,955,924,0,2,1,N,750,5,1970,G1,G1,G1,G1,G1,G1,G1,G1,G1,G1,G1,G1,1.0,0.0,1.0,2.0,6.0,239.0,367.0,353.0,448.0,545.0,714.0,1.0,PHEV,2677.0,0
102370,SARATOGA,BASIC ELECTRICITY,EVA,EVA,EVA,EVA,EVA,EVA,EVA,EVA,EVA,EVA,EVA,EVA,1529,1470,1273,316,237,522,2022,-578,3,549,1328,1789,1,5,1,B,5000,8,1970,G1,G1,G1,G1,G1,G1,G1,G1,G1,G1,G1,G1,223.0,250.0,351.0,204.0,543.0,536.0,455.0,113.0,130.0,233.0,189.0,283.0,ELECTRIC,3510.0,0
102502,MORGAN HILL,BASIC ELECTRICITY,EVA,EVA,EVA,EVA,EVA,EVA,EVA,EVA,EVA,EVA,EVA,EVA,1648,1622,1202,774,1041,1449,2506,2507,1726,1652,2148,2374,1,4,1,B,4500,8,2000,G1,G1,G1,G1,G1,G1,G1,G1,G1,G1,G1,G1,180.0,273.0,222.0,180.0,231.0,227.0,305.0,215.0,479.0,100.0,132.0,236.0,ELECTRIC,2780.0,0
102598,MOUNTAIN VIEW,BASIC ELECTRICITY,E1,E1,E1,E1,E1,E1,E1,E1,E1,E1,E1,E1,89,85,78,71,65,66,65,73,72,82,93,90,0,1,1,H,750,4,1970,GM,GM,GM,GM,GM,GM,GM,GM,GM,GM,GM,GM,930.0,897.0,927.0,857.0,785.0,736.0,721.0,666.0,733.0,694.0,749.0,869.0,ELECTRIC,9564.0,0
102691,LOS GATOS,BASIC ELECTRICITY,E1,E1,E1,E1,E1,E1,E1,E1,E1,E1,E1,E1,1001,1034,1000,877,846,996,1069,985,868,938,1179,1101,0,3,1,B,2250,8,1960,G1,G1,G1,G1,G1,G1,G1,G1,G1,G1,G1,G1,128.0,91.0,112.0,80.0,52.0,46.0,204.0,171.0,115.0,141.0,33.0,97.0,,1270.0,0
103118,MOUNTAIN VIEW,BASIC ELECTRICITY,E1,E1,E1,E1,E1,E1,E1,E1,E1,E1,E1,E1,89,85,78,71,65,66,65,73,72,82,93,90,0,1,1,H,750,4,1970,GM,GM,GM,GM,GM,GM,GM,GM,GM,GM,GM,GM,930.0,897.0,927.0,857.0,785.0,736.0,721.0,666.0,733.0,694.0,749.0,869.0,PHEV,9564.0,0
103252,MOUNTAIN VIEW,BASIC ELECTRICITY,E1,E1,E1,E1,E1,E1,E1,E1,E1,E1,E1,E1,139,128,123,109,105,105,93,108,107,117,156,156,0,1,1,H,750,4,1970,G1,G1,G1,G1,G1,G1,G1,G1,G1,G1,G1,G1,0.0,0.0,0.0,0.0,99.0,465.0,443.0,130.0,60.0,90.0,0.0,0.0,ELECTRIC,1287.0,0
103735,MOUNTAIN VIEW,BASIC ELECTRICITY,E1,E1,E1,E1,E1,E1,E1,E1,E1,E1,E1,E1,139,128,123,109,105,105,93,108,107,117,156,156,0,1,1,H,750,4,1970,GM,GM,GM,GM,GM,GM,GM,GM,GM,GM,GM,GM,743.0,791.0,782.0,770.0,702.0,661.0,679.0,630.0,713.0,674.0,696.0,784.0,PHEV,8625.0,0
103982,UNINCORPORATED,BASIC ELECTRICITY,E1,E1,E1,E1,E1,E1,E1,E1,E1,E1,E1,E1,1792,1227,1353,1381,1245,1605,1835,1614,1633,1348,1358,1526,0,3,1,H,2250,8,1970,G1,G1,G1,G1,G1,G1,G1,G1,G1,G1,G1,G1,122.0,111.0,131.0,216.0,253.0,280.0,310.0,230.0,290.0,209.0,66.0,109.0,,2327.0,0
104099,LOS GATOS,BASIC ELECTRICITY,E1,E1,E1,E1,E1,E1,E1,E1,E1,E1,E1,E1,631,620,673,608,579,650,590,611,576,595,630,606,0,2,1,H,750,5,1960,GM,GM,GM,GM,GM,GM,GM,GM,GM,GM,GM,GM,333.0,310.0,367.0,300.0,303.0,333.0,277.0,286.0,291.0,306.0,349.0,367.0,,3822.0,0
104140,LOS ALTOS HILLS,BASIC ELECTRICITY,E1,E1,E1,E1,E1,E1,E1,E1,E1,E1,E1,E1,1789,1170,1130,1349,1704,1871,1822,1759,1798,1770,1810,2330,0,5,1,B,5000,8,2000,G1,G1,G1,G1,G1,G1,G1,G1,G1,G1,G1,G1,331.0,200.0,251.0,166.0,249.0,531.0,330.0,322.0,474.0,47.0,203.0,290.0,,3394.0,0
104366,MOUNTAIN VIEW,BASIC ELECTRICITY,E1,E1,E1,E1,E1,E1,E1,E1,E1,E1,E1,E1,169,163,151,133,122,123,123,146,145,158,178,171,0,1,1,H,750,4,1970,GM,GM,GM,GM,GM,GM,GM,GM,GM,GM,GM,GM,970.0,1001.0,975.0,995.0,925.0,878.0,880.0,835.0,893.0,830.0,875.0,966.0,PHEV,11023.0,0
104782,MOUNTAIN VIEW,BASIC ELECTRICITY,E1,E1,E1,E1,E1,E1,E1,E1,E1,E1,E1,E1,1105,1118,1224,1168,1127,1142,1043,1090,1041,1086,1277,1104,0,1,1,H,750,4,1970,GM,GM,GM,GM,GM,GM,GM,GM,GM,GM,GM,GM,743.0,791.0,782.0,770.0,702.0,661.0,679.0,630.0,713.0,674.0,696.0,784.0,PHEV,8625.0,0
105236,LOS GATOS,BASIC ELECTRICITY,E1,E1,E1,E1,E1,E1,E1,E1,E1,E1,E1,E1,1817,1879,1659,1647,1804,2053,2283,1963,1737,1760,2231,2175,0,5,1,B,5000,8,1990,G1,G1,G1,G1,G1,G1,G1,G1,G1,G1,G1,G1,295.0,229.0,296.0,163.0,111.0,222.0,290.0,80.0,183.0,33.0,69.0,260.0,,2231.0,0
105748,MOUNTAIN VIEW,BASIC ELECTRICITY,E1,E1,E1,E1,E1,E1,E1,E1,E1,E1,E1,E1,1105,1118,1224,1168,1127,1142,1043,1090,1041,1086,1277,1104,0,1,1,H,750,4,1970,GM,GM,GM,GM,GM,GM,GM,GM,GM,GM,GM,GM,930.0,897.0,927.0,857.0,785.0,736.0,721.0,666.0,733.0,694.0,749.0,869.0,PHEV,9564.0,0
106056,LOS GATOS,BASIC ELECTRICITY,E1,E1,E1,E1,E1,E1,E1,E1,E1,E1,E1,E1,266,293,260,205,210,191,216,216,227,261,296,311,0,2,1,B,1000,5,1970,GM,GM,GM,GM,GM,GM,GM,GM,GM,GM,GM,GM,609.0,467.0,443.0,373.0,325.0,329.0,254.0,234.0,227.0,238.0,344.0,401.0,,4244.0,0
106572,MOUNTAIN VIEW,BASIC ELECTRICITY,E1,E1,E1,E1,E1,E1,E1,E1,E1,E1,E1,E1,95,312,276,215,119,104,117,245,319,379,189,172,0,1,1,H,750,4,1970,GM,GM,GM,GM,GM,GM,GM,GM,GM,GM,GM,GM,743.0,791.0,782.0,770.0,702.0,661.0,679.0,630.0,713.0,674.0,696.0,784.0,ELECTRIC,8625.0,0
106642,MOUNTAIN VIEW,BASIC ELECTRICITY,E1,E1,E1,E1,E1,E1,E1,E1,E1,E1,E1,E1,237,219,204,179,163,171,169,200,213,227,255,242,0,1,1,H,750,4,1970,GM,GM,GM,GM,GM,GM,GM,GM,GM,GM,GM,GM,970.0,1001.0,975.0,995.0,925.0,878.0,880.0,835.0,893.0,830.0,875.0,966.0,PHEV,11023.0,0
108381,LOS ALTOS HILLS,BASIC ELECTRICITY,E6,E6,E6,E6,E6,E6,E6,E6,E6,E6,E6,E6,1862,2466,1698,1561,1635,1421,1787,2022,1638,1402,1684,2185,1,3,1,H,4250,8,1990,G1,G1,G1,G1,G1,G1,G1,G1,G1,G1,G1,G1,87.0,128.0,167.0,107.0,63.0,208.0,221.0,221.0,439.0,549.0,558.0,127.0,ELECTRIC,2875.0,0
108613,MOUNTAIN VIEW,BASIC ELECTRICITY,E1,E1,E1,E1,E1,E1,E1,E1,E1,E1,E1,E1,1715,1543,1457,1467,1384,1372,1519,1479,1662,1644,1622,1835,0,1,1,H,750,4,1970,GM,GM,GM,GM,GM,GM,GM,GM,GM,GM,GM,GM,930.0,897.0,927.0,857.0,785.0,736.0,721.0,666.0,733.0,694.0,749.0,869.0,ELECTRIC,9564.0,0
108762,UNINCORPORATED,BASIC ELECTRICITY,E1,E1,E1,E1,E1,E1,E1,E1,E1,E1,E1,E1,787,848,995,716,693,927,848,747,706,878,694,1145,0,3,1,B,5000,8,1990,G1,G1,G1,G1,G1,G1,G1,G1,G1,G1,G1,G1,275.0,315.0,444.0,294.0,133.0,299.0,291.0,142.0,308.0,218.0,318.0,284.0,,3321.0,0
109580,MOUNTAIN VIEW,BASIC ELECTRICITY,E1,E1,E1,E1,E1,E1,E1,E1,E1,E1,E1,E1,185,212,154,146,143,129,154,170,173,181,213,201,0,2,1,B,750,5,1970,GM,GM,GM,GM,GM,GM,GM,GM,GM,GM,GM,GM,391.0,406.0,414.0,372.0,358.0,389.0,327.0,307.0,341.0,315.0,318.0,381.0,,4319.0,0
109877,LOS ALTOS,BASIC ELECTRICITY,EVA,EVA,EVA,EVA,EVA,EVA,EVA,EVA,EVA,EVA,EVA,EVA,1714,1830,1434,1639,2030,2477,2458,2343,1968,1528,1680,1780,0,4,1,H,2000,8,1950,G1,G1,G1,G1,G1,G1,G1,G1,G1,G1,G1,G1,105.0,88.0,80.0,52.0,75.0,344.0,237.0,160.0,225.0,318.0,31.0,74.0,HYBRID GAS,1789.0,0
110727,MONTE SERENO,BASIC ELECTRICITY,E6,E6,E6,E6,E6,E6,E6,E6,E6,E6,E6,E6,2298,1954,1489,927,1391,557,1036,1024,1244,1755,2057,1970,1,4,1,B,3000,8,1900,G1,G1,G1,G1,G1,G1,G1,G1,G1,G1,G1,G1,89.0,84.0,97.0,42.0,32.0,364.0,282.0,317.0,386.0,116.0,63.0,95.0,HYBRID GAS,1967.0,0
110874,LOS ALTOS,BASIC ELECTRICITY,E1,E1,E1,E1,E1,E1,E1,E1,E1,E1,E1,E1,1095,1221,1340,1350,1370,1732,2199,2054,1957,1622,1385,1372,0,5,1,N,3000,8,1940,G1,G1,G1,G1,G1,G1,G1,G1,G1,G1,G1,G1,135.0,103.0,143.0,100.0,81.0,362.0,285.0,311.0,397.0,394.0,91.0,139.0,,2541.0,0
111870,MOUNTAIN VIEW,BASIC ELECTRICITY,E1,E1,E1,E1,E1,E1,E1,E1,E1,E1,E1,E1,1105,1118,1224,1168,1127,1142,1043,1090,1041,1086,1277,1104,0,1,1,H,750,4,1970,GM,GM,GM,GM,GM,GM,GM,GM,GM,GM,GM,GM,968.0,1091.0,982.0,913.0,794.0,680.0,1250.0,1004.0,1354.0,1494.0,1999.0,1268.0,PHEV,13797.0,0
112433,CUPERTINO,BASIC ELECTRICITY,ETOUB,ETOUB,ETOUB,ETOUB,ETOUB,ETOUB,ETOUB,ETOUB,ETOUB,ETOUB,ETOUB,ETOUB,1147,863,869,1090,896,906,885,857,851,882,848,927,0,4,1,B,2000,8,1960,G1,G1,G1,G1,G1,G1,G1,G1,G1,G1,G1,G1,159.0,105.0,126.0,118.0,54.0,203.0,211.0,111.0,241.0,151.0,115.0,143.0,,1737.0,0
112502,MOUNTAIN VIEW,BASIC ELECTRICITY,E1,E1,E1,E1,E1,E1,E1,E1,E1,E1,E1,E1,1715,1543,1457,1467,1384,1372,1519,1479,1662,1644,1622,1835,0,1,1,H,750,4,1970,GM,GM,GM,GM,GM,GM,GM,GM,GM,GM,GM,GM,968.0,1091.0,982.0,913.0,794.0,680.0,1250.0,1004.0,1354.0,1494.0,1999.0,1268.0,PHEV,13797.0,0
112763,MOUNTAIN VIEW,BASIC ELECTRICITY,E1,E1,E1,E1,E1,E1,E1,E1,E1,E1,E1,E1,216,204,190,166,156,163,156,181,185,209,229,229,0,1,1,H,750,4,1970,GM,GM,GM,GM,GM,GM,GM,GM,GM,GM,GM,GM,615.0,719.0,681.0,616.0,630.0,583.0,528.0,547.0,540.0,595.0,576.0,585.0,ELECTRIC,7215.0,0
112824,LOS ALTOS HILLS,BASIC ELECTRICITY,E6,E6,E6,E6,E6,E6,E6,E6,E6,E6,E6,E6,1111,802,393,-339,-492,-547,-164,-284,258,555,1578,1237,1,4,1,H,4000,8,1970,G1,G1,G1,G1,G1,G1,G1,G1,G1,G1,G1,G1,204.0,160.0,216.0,141.0,83.0,74.0,203.0,50.0,44.0,48.0,52.0,192.0,ELECTRIC,1467.0,0
112825,GILROY,BASIC ELECTRICITY,E1,E1,E1,E1,E1,E1,E1,E1,E1,E1,E1,E1,1071,1023,1036,1137,1239,1859,2615,1636,1146,984,1203,1367,0,5,1,B,3500,8,2000,G1,G1,G1,G1,G1,G1,G1,G1,G1,G1,G1,G1,120.0,83.0,104.0,64.0,114.0,332.0,385.0,360.0,457.0,375.0,37.0,127.0,PHEV,2558.0,0
112953,MILPITAS,BASIC ELECTRICITY,E1,E1,E1,E1,E1,E1,E1,E1,E1,E1,E1,E1,587,528,569,506,472,569,500,489,568,525,617,572,0,2,0,H,750,5,2000,GM,GM,GM,GM,GM,GM,GM,GM,GM,GM,GM,GM,431.0,428.0,464.0,419.0,385.0,423.0,346.0,331.0,383.0,270.0,316.0,291.0,,4487.0,0
113255,LOS GATOS,BASIC ELECTRICITY,E1,E1,E1,E1,E1,E1,E1,E1,E1,E1,E1,E1,308,330,291,277,343,336,331,324,298,324,315,322,0,1,0,B,250,4,1980,GM,GM,GM,GM,GM,GM,GM,GM,GM,GM,GM,GM,321.0,316.0,344.0,293.0,239.0,262.0,226.0,218.0,226.0,240.0,289.0,302.0,,3276.0,0
114433,LOS ALTOS,BASIC ELECTRICITY,E1,E1,E1,E1,E1,E1,E1,E1,E1,E1,E1,E1,5,5,5,4,5,5,5,4,5,5,4,5,0,2,1,H,1000,5,1970,GM,GM,GM,GM,GM,GM,GM,GM,GM,GM,GM,GM,437.0,419.0,418.0,423.0,381.0,588.0,403.0,342.0,416.0,480.0,378.0,391.0,,5076.0,0
114720,UNINCORPORATED,BASIC ELECTRICITY,E1,E1,E1,E1,E1,E1,E1,E1,E1,E1,E1,E1,914,992,860,925,882,882,980,949,859,987,1055,1176,0,4,1,N,2750,8,1970,G1,G1,G1,G1,G1,G1,G1,G1,G1,G1,G1,G1,214.0,162.0,210.0,132.0,57.0,78.0,221.0,75.0,18.0,82.0,31.0,136.0,,1416.0,0
114735,SARATOGA,BASIC ELECTRICITY,E1,E1,E1,E1,E1,E1,E1,E1,E1,E1,E1,E1,820,820,121,613,325,301,322,303,324,356,392,557,0,5,1,H,2000,8,1960,G1,G1,,,G1,,G1,,G1,,G1,G1,79.0,79.0,,,22.0,,460.0,,22.0,,90.0,65.0,,817.0,0
114967,SARATOGA,BASIC ELECTRICITY,E6,E6,E6,E6,E6,E6,E6,E6,E6,E6,E6,E6,266,-112,-118,-614,-659,-506,-105,-195,-258,-57,135,405,1,5,1,H,2750,8,1960,G1,G1,G1,G1,G1,G1,G1,G1,G1,G1,G1,G1,114.0,89.0,108.0,47.0,21.0,177.0,258.0,7.0,8.0,12.0,54.0,99.0,,994.0,0
115773,MOUNTAIN VIEW,BASIC ELECTRICITY,E1,E1,E1,E1,E1,E1,E1,E1,E1,E1,E1,E1,289,269,248,219,202,194,190,218,225,266,313,298,0,1,1,H,750,4,1970,GM,GM,GM,GM,GM,GM,GM,GM,GM,GM,GM,GM,970.0,1001.0,975.0,995.0,925.0,878.0,880.0,835.0,893.0,830.0,875.0,966.0,PHEV,11023.0,0
115864,MOUNTAIN VIEW,BASIC ELECTRICITY,E1,E1,E1,E1,E1,E1,E1,E1,E1,E1,E1,E1,89,85,78,71,65,66,65,73,72,82,93,90,0,1,1,H,750,4,1970,GM,GM,GM,GM,GM,GM,GM,GM,GM,GM,GM,GM,743.0,791.0,782.0,770.0,702.0,661.0,679.0,630.0,713.0,674.0,696.0,784.0,PHEV,8625.0,0
116311,MOUNTAIN VIEW,BASIC ELECTRICITY,E1,E1,E1,E1,E1,E1,E1,E1,E1,E1,E1,E1,237,219,204,179,163,171,169,200,213,227,255,242,0,1,1,H,750,4,1970,GM,GM,GM,GM,GM,GM,GM,GM,GM,GM,GM,GM,968.0,1091.0,982.0,913.0,794.0,680.0,1250.0,1004.0,1354.0,1494.0,1999.0,1268.0,ELECTRIC,13797.0,0
117400,LOS ALTOS HILLS,BASIC ELECTRICITY,E1,E1,E1,E1,E1,E1,E1,E1,E1,E1,E1,E1,1905,1493,1543,1768,1987,2857,2987,2204,2361,1769,1838,2378,0,5,1,B,5000,8,1980,G1,G1,G1,G1,G1,G1,G1,G1,G1,G1,G1,G1,262.0,224.0,256.0,146.0,225.0,261.0,373.0,346.0,463.0,711.0,929.0,1196.0,,5392.0,0
117804,MOUNTAIN VIEW,BASIC ELECTRICITY,E1,E1,E1,E1,E1,E1,E1,E1,E1,E1,E1,E1,237,219,204,179,163,171,169,200,213,227,255,242,0,1,1,H,750,4,1970,G1,G1,G1,G1,G1,G1,G1,G1,G1,G1,G1,G1,0.0,0.0,0.0,0.0,99.0,465.0,443.0,130.0,60.0,90.0,0.0,0.0,ELECTRIC,1287.0,0
117944,MOUNTAIN VIEW,BASIC ELECTRICITY,E1,E1,E1,E1,E1,E1,E1,E1,E1,E1,E1,E1,204,190,184,166,158,165,161,183,177,196,223,208,0,2,1,H,1000,5,1960,GM,GM,GM,GM,GM,GM,GM,GM,GM,GM,GM,GM,795.0,766.0,798.0,786.0,722.0,815.0,658.0,597.0,606.0,605.0,718.0,802.0,,8668.0,0
118295,LOS ALTOS HILLS,BASIC ELECTRICITY,E1,E1,E1,E1,E1,E1,E1,E1,E1,E1,E1,E1,773,863,940,748,923,1222,719,642,692,739,749,911,0,5,1,B,5000,8,2000,G1,G1,G1,G1,G1,G1,G1,G1,G1,G1,G1,G1,4.0,1.0,0.0,0.0,0.0,184.0,280.0,122.0,8.0,8.0,8.0,34.0,,649.0,0
118745,MOUNTAIN VIEW,BASIC ELECTRICITY,E1,E1,E1,E1,E1,E1,E1,E1,E1,E1,E1,E1,1417,1307,1241,1018,971,1336,1410,1338,1360,1334,1113,1171,0,2,1,H,1000,4,1960,GM,GM,GM,GM,GM,GM,GM,GM,GM,GM,GM,GM,144.0,146.0,133.0,133.0,117.0,445.0,320.0,358.0,400.0,189.0,89.0,112.0,,2586.0,0
119566,MOUNTAIN VIEW,BASIC ELECTRICITY,E1,E1,E1,E1,E1,E1,E1,E1,E1,E1,E1,E1,1715,1543,1457,1467,1384,1372,1519,1479,1662,1644,1622,1835,0,1,1,H,750,4,1970,G1,G1,G1,G1,G1,G1,G1,G1,G1,G1,G1,G1,0.0,0.0,0.0,0.0,99.0,465.0,443.0,130.0,60.0,90.0,0.0,0.0,ELECTRIC,1287.0,0
119813,MOUNTAIN VIEW,BASIC ELECTRICITY,E1,E1,E1,E1,E1,E1,E1,E1,E1,E1,E1,E1,1308,1280,1323,1241,1216,1283,1215,1345,1235,1288,1494,1276,0,1,1,H,750,4,1970,GM,GM,GM,GM,GM,GM,GM,GM,GM,GM,GM,GM,743.0,791.0,782.0,770.0,702.0,661.0,679.0,630.0,713.0,674.0,696.0,784.0,PHEV,8625.0,0
120037,MORGAN HILL,BASIC ELECTRICITY,E1,E1,E1,E1,E1,E1,E1,E1,E1,E1,E1,E1,1300,1012,1145,1237,1067,1199,1470,1979,1755,1133,1392,1149,0,5,1,B,3000,8,1980,G1,G1,G1,G1,G1,G1,G1,G1,G1,G1,G1,G1,67.0,52.0,77.0,228.0,175.0,395.0,419.0,283.0,311.0,385.0,204.0,87.0,,2683.0,0
120907,GILROY,BASIC ELECTRICITY,E1,E1,E1,E1,E1,E1,E1,E1,E1,E1,E1,E1,1362,1183,1107,1114,1004,1092,1218,1051,1246,1324,1207,1440,0,5,1,B,5000,8,2010,G1,G1,G1,G1,G1,G1,G1,G1,G1,G1,G1,G1,379.0,493.0,435.0,461.0,186.0,386.0,362.0,187.0,322.0,249.0,286.0,382.0,,4128.0,0
121177,LOS GATOS,BASIC ELECTRICITY,E1,E1,E1,E1,E1,E1,E1,E1,E1,E1,E1,E1,966,965,995,1262,1333,1877,2086,1566,1273,1172,1200,1285,0,4,1,H,2250,8,1990,G1,G1,G1,G1,G1,G1,G1,G1,G1,G1,G1,G1,234.0,121.0,67.0,61.0,75.0,27.0,280.0,219.0,131.0,35.0,123.0,184.0,,1557.0,0
121483,CAMPBELL,BASIC ELECTRICITY,E1,E1,E1,E1,E1,E1,E1,E1,E1,E1,E1,E1,524,585,490,507,535,488,469,567,497,568,566,585,0,1,1,H,500,4,1970,GM,GM,GM,GM,GM,GM,GM,GM,GM,GM,GM,GM,444.0,416.0,477.0,426.0,411.0,416.0,348.0,319.0,378.0,331.0,510.0,467.0,,4943.0,0
121878,MOUNTAIN VIEW,BASIC ELECTRICITY,E1,E1,E1,E1,E1,E1,E1,E1,E1,E1,E1,E1,169,163,151,133,122,123,123,146,145,158,178,171,0,1,1,H,750,4,1970,GM,GM,GM,GM,GM,GM,GM,GM,GM,GM,GM,GM,968.0,1091.0,982.0,913.0,794.0,680.0,1250.0,1004.0,1354.0,1494.0,1999.0,1268.0,ELECTRIC,13797.0,0
122024,MOUNTAIN VIEW,BASIC ELECTRICITY,E1,E1,E1,E1,E1,E1,E1,E1,E1,E1,E1,E1,430,448,398,404,425,382,382,478,413,412,478,449,0,1,1,B,750,4,1970,GM,GM,GM,GM,GM,GM,GM,GM,GM,GM,GM,GM,408.0,431.0,457.0,393.0,387.0,382.0,307.0,313.0,342.0,343.0,356.0,453.0,HYBRID GAS,4572.0,0
122044,LOS GATOS,BASIC ELECTRICITY,E1,E1,E1,E1,E1,E1,E1,E1,E1,E1,E1,E1,2250,2431,1827,1866,2083,1567,1079,2422,2039,2040,2382,2628,0,4,1,H,3250,8,1970,G1,G1,G1,G1,G1,G1,G1,G1,G1,G1,G1,G1,147.0,125.0,140.0,89.0,175.0,384.0,267.0,151.0,249.0,510.0,696.0,1124.0,HYBRID GAS,4057.0,0
122061,LOS ALTOS HILLS,BASIC ELECTRICITY,ETOUB,ETOUB,ETOUB,ETOUB,ETOUB,ETOUB,ETOUB,ETOUB,ETOUB,ETOUB,ETOUB,ETOUB,1891,1646,1493,1396,1432,1619,1367,1421,1290,1364,1374,1145,0,5,1,H,5000,8,1960,G1,G1,G1,G1,G1,G1,G1,G1,G1,G1,G1,G1,924.0,1175.0,1171.0,980.0,686.0,548.0,465.0,355.0,414.0,551.0,806.0,985.0,,9060.0,0
122568,SARATOGA,BASIC ELECTRICITY,EVA,EVA,EVA,EVA,EVA,EVA,EVA,EVA,EVA,EVA,EVA,EVA,2703,2373,2518,2460,2210,2136,2884,1160,927,902,1099,1208,0,4,1,H,3750,8,1990,G1,G1,G1,G1,G1,G1,G1,G1,G1,G1,G1,G1,182.0,145.0,157.0,457.0,216.0,312.0,243.0,42.0,17.0,16.0,16.0,62.0,,1865.0,0
122961,LOS ALTOS HILLS,BASIC ELECTRICITY,ETOUA,ETOUA,ETOUA,ETOUA,ETOUA,ETOUA,ETOUA,ETOUA,ETOUA,ETOUA,ETOUA,ETOUA,1608,1751,1343,1530,1846,1896,2100,1605,1331,1390,1482,1778,0,5,1,H,4000,8,1970,G1,G1,G1,G1,G1,G1,G1,G1,G1,G1,G1,G1,122.0,101.0,143.0,77.0,511.0,232.0,232.0,133.0,286.0,77.0,259.0,115.0,HYBRID GAS,2288.0,0
123392,MOUNTAIN VIEW,BASIC ELECTRICITY,E1,E1,E1,E1,E1,E1,E1,E1,E1,E1,E1,E1,216,204,190,166,156,163,156,181,185,209,229,229,0,1,1,H,750,4,1970,GM,GM,GM,GM,GM,GM,GM,GM,GM,GM,GM,GM,970.0,1001.0,975.0,995.0,925.0,878.0,880.0,835.0,893.0,830.0,875.0,966.0,PHEV,11023.0,0
123436,MOUNTAIN VIEW,BASIC ELECTRICITY,E1,E1,E1,E1,E1,E1,E1,E1,E1,E1,E1,E1,1715,1543,1457,1467,1384,1372,1519,1479,1662,1644,1622,1835,0,1,1,H,750,4,1970,GM,GM,GM,GM,GM,GM,GM,GM,GM,GM,GM,GM,615.0,719.0,681.0,616.0,630.0,583.0,528.0,547.0,540.0,595.0,576.0,585.0,PHEV,7215.0,0
124009,MOUNTAIN VIEW,BASIC ELECTRICITY,E1,E1,E1,E1,E1,E1,E1,E1,E1,E1,E1,E1,95,312,276,215,119,104,117,245,319,379,189,172,0,1,1,H,750,4,1970,GM,GM,GM,GM,GM,GM,GM,GM,GM,GM,GM,GM,615.0,719.0,681.0,616.0,630.0,583.0,528.0,547.0,540.0,595.0,576.0,585.0,ELECTRIC,7215.0,0
124267,MOUNTAIN VIEW,BASIC ELECTRICITY,E1,E1,E1,E1,E1,E1,E1,E1,E1,E1,E1,E1,89,85,78,71,65,66,65,73,72,82,93,90,0,1,1,H,750,4,1970,GM,GM,GM,GM,GM,GM,GM,GM,GM,GM,GM,GM,970.0,1001.0,975.0,995.0,925.0,878.0,880.0,835.0,893.0,830.0,875.0,966.0,PHEV,11023.0,0
124848,SUNNYVALE,BASIC ELECTRICITY,E1,E1,E1,E1,E1,E1,E1,E1,E1,E1,E1,E1,422,380,345,351,307,295,310,338,341,408,404,435,0,2,1,H,750,4,1970,GM,GM,GM,GM,GM,GM,GM,GM,GM,GM,GM,GM,159.0,174.0,171.0,155.0,170.0,154.0,246.0,134.0,128.0,127.0,159.0,154.0,,1931.0,0
125032,MOUNTAIN VIEW,BASIC ELECTRICITY,E1,E1,E1,E1,E1,E1,E1,E1,E1,E1,E1,E1,234,221,205,180,167,170,167,195,197,223,248,229,0,1,1,H,750,4,1970,GM,GM,GM,GM,GM,GM,GM,GM,GM,GM,GM,GM,968.0,1091.0,982.0,913.0,794.0,680.0,1250.0,1004.0,1354.0,1494.0,1999.0,1268.0,ELECTRIC,13797.0,0
125200,MOUNTAIN VIEW,BASIC ELECTRICITY,E1,E1,E1,E1,E1,E1,E1,E1,E1,E1,E1,E1,2260,2446,2227,2283,2220,2201,2244,2329,2513,2709,2577,2254,0,2,1,H,1000,5,1970,GM,GM,GM,GM,GM,GM,GM,GM,GM,GM,GM,GM,318.0,317.0,358.0,314.0,319.0,342.0,281.0,280.0,343.0,353.0,298.0,395.0,,3918.0,0
125872,CUPERTINO,BASIC ELECTRICITY,E6,E6,E6,E6,E6,E6,E6,E6,E6,E6,E6,E6,1947,1681,1476,1408,1297,1404,1753,2059,1759,2287,2177,2215,1,4,1,H,3500,8,1970,G1,G1,G1,G1,G1,G1,G1,G1,G1,G1,G1,G1,608.0,590.0,618.0,452.0,281.0,280.0,207.0,234.0,298.0,381.0,445.0,642.0,PHEV,5036.0,0
126815,MOUNTAIN VIEW,BASIC ELECTRICITY,E1,E1,E1,E1,E1,E1,E1,E1,E1,E1,E1,E1,169,163,151,133,122,123,123,146,145,158,178,171,0,1,1,H,750,4,1970,GM,GM,GM,GM,GM,GM,GM,GM,GM,GM,GM,GM,930.0,897.0,927.0,857.0,785.0,736.0,721.0,666.0,733.0,694.0,749.0,869.0,PHEV,9564.0,0
127090,MOUNTAIN VIEW,BASIC ELECTRICITY,E1,E1,E1,E1,E1,E1,E1,E1,E1,E1,E1,E1,234,221,205,180,167,170,167,195,197,223,248,229,0,1,1,H,750,4,1970,GM,GM,GM,GM,GM,GM,GM,GM,GM,GM,GM,GM,615.0,719.0,681.0,616.0,630.0,583.0,528.0,547.0,540.0,595.0,576.0,585.0,ELECTRIC,7215.0,0
127144,MOUNTAIN VIEW,BASIC ELECTRICITY,E1,E1,E1,E1,E1,E1,E1,E1,E1,E1,E1,E1,234,221,205,180,167,170,167,195,197,223,248,229,0,1,1,H,750,4,1970,GM,GM,GM,GM,GM,GM,GM,GM,GM,GM,GM,GM,615.0,719.0,681.0,616.0,630.0,583.0,528.0,547.0,540.0,595.0,576.0,585.0,PHEV,7215.0,0
127202,UNINCORPORATED,BASIC ELECTRICITY,E1,E1,E1,E1,E1,E1,E1,E1,E1,E1,E1,E1,1412,1153,1200,1041,907,1419,1686,2025,1520,1134,1137,1483,0,4,1,H,2000,8,1970,G1,G1,G1,G1,G1,G1,G1,G1,G1,G1,G1,G1,113.0,114.0,139.0,63.0,32.0,426.0,226.0,201.0,135.0,96.0,83.0,123.0,,1751.0,0
127277,SARATOGA,BASIC ELECTRICITY,E1,E1,E1,E1,E1,E1,E1,E1,E1,E1,E1,E1,1140,1092,1008,808,737,741,907,1120,1006,908,1017,711,0,4,1,B,2750,8,1960,G1,G1,G1,G1,G1,G1,G1,G1,G1,G1,G1,G1,175.0,194.0,198.0,108.0,76.0,82.0,370.0,223.0,41.0,57.0,128.0,154.0,,1806.0,0
127280,LOS GATOS,BASIC ELECTRICITY,EVA,EVA,EVA,EVA,EVA,EVA,EVA,EVA,EVA,EVA,EVA,EVA,1203,1308,1131,1132,1452,1879,2125,2026,1459,1249,1501,1324,0,4,1,H,4500,8,1960,G1,G1,G1,G1,G1,G1,G1,G1,G1,G1,G1,G1,167.0,143.0,175.0,100.0,85.0,199.0,266.0,250.0,52.0,51.0,79.0,207.0,PHEV,1774.0,0
127808,MONTE SERENO,BASIC ELECTRICITY,E1,E1,E1,E1,E1,E1,E1,E1,E1,E1,E1,E1,1879,1579,1657,1450,1694,1937,2200,2502,2062,1908,1746,1867,0,4,1,B,5000,8,2000,G1,G1,G1,G1,G1,G1,G1,G1,G1,G1,G1,G1,446.0,387.0,515.0,209.0,238.0,381.0,216.0,88.0,219.0,241.0,188.0,377.0,HYBRID GAS,3505.0,0
127879,LOS ALTOS,BASIC ELECTRICITY,E1,E1,E1,E1,E1,E1,E1,E1,E1,E1,E1,E1,711,568,683,545,561,730,854,816,638,603,553,817,0,3,1,H,2000,7,1950,G1,G1,G1,G1,G1,G1,G1,G1,G1,G1,G1,G1,110.0,98.0,129.0,63.0,20.0,229.0,232.0,226.0,197.0,126.0,149.0,124.0,,1703.0,0
127919,MILPITAS,BASIC ELECTRICITY,E1,E1,E1,E1,E1,E1,E1,E1,E1,E1,E1,E1,647,696,738,688,623,664,644,680,805,790,889,876,0,2,0,H,750,5,2000,GM,,GM,GM,GM,GM,GM,GM,,GM,GM,GM,639.0,,335.0,354.0,306.0,298.0,313.0,605.0,,333.0,342.0,395.0,,3920.0,0
128112,MOUNTAIN VIEW,BASIC ELECTRICITY,E1,E1,E1,E1,E1,E1,E1,E1,E1,E1,E1,E1,1715,1543,1457,1467,1384,1372,1519,1479,1662,1644,1622,1835,0,1,1,H,750,4,1970,GM,GM,GM,GM,GM,GM,GM,GM,GM,GM,GM,GM,615.0,719.0,681.0,616.0,630.0,583.0,528.0,547.0,540.0,595.0,576.0,585.0,ELECTRIC,7215.0,0
128376,MOUNTAIN VIEW,BASIC ELECTRICITY,E1,E1,E1,E1,E1,E1,E1,E1,E1,E1,E1,E1,1308,1280,1323,1241,1216,1283,1215,1345,1235,1288,1494,1276,0,1,1,H,750,4,1970,G1,G1,G1,G1,G1,G1,G1,G1,G1,G1,G1,G1,0.0,0.0,0.0,0.0,99.0,465.0,443.0,130.0,60.0,90.0,0.0,0.0,PHEV,1287.0,0
128970,MORGAN HILL,BASIC ELECTRICITY,E1,E1,E1,E1,E1L,E1L,E1L,E1L,E1L,E1L,E1L,E1L,830,898,762,705,775,926,1090,1170,947,968,930,990,0,3,1,B,2500,8,1970,G1,G1,G1,G1,G1,G1,G1,G1,G1,G1,G1,G1,114.0,123.0,121.0,76.0,52.0,127.0,254.0,64.0,18.0,21.0,60.0,87.0,,1117.0,0
129371,LOS ALTOS,BASIC ELECTRICITY,E1,E1,E1,E1,E1,E1,E1,E1,E1,E1,E1,E1,1637,1488,1537,1408,1716,2174,1619,1481,1460,1459,1471,1705,0,3,1,H,2250,6,1950,G1,G1,G1,G1,G1,G1,G1,G1,G1,G1,G1,G1,120.0,125.0,138.0,94.0,64.0,140.0,227.0,81.0,43.0,47.0,65.0,115.0,,1259.0,0
129726,MOUNTAIN VIEW,BASIC ELECTRICITY,E1,E1,E1,E1,E1,E1,E1,E1,E1,E1,E1,E1,169,163,151,133,122,123,123,146,145,158,178,171,0,1,1,H,750,4,1970,GM,GM,GM,GM,GM,GM,GM,GM,GM,GM,GM,GM,743.0,791.0,782.0,770.0,702.0,661.0,679.0,630.0,713.0,674.0,696.0,784.0,ELECTRIC,8625.0,0
130245,MORGAN HILL,BASIC ELECTRICITY,EVA,EVA,EVA,EVA,EVA,EVA,EVA,EVA,EVA,EVA,EVA,EVA,1648,1622,1202,774,1041,1449,2506,2507,1726,1652,2148,2374,1,4,1,B,4500,8,2000,G1,G1,G1,G1,G1,G1,G1,G1,G1,G1,G1,G1,180.0,273.0,222.0,180.0,231.0,227.0,305.0,215.0,479.0,100.0,132.0,236.0,ELECTRIC,2780.0,0
130275,LOS GATOS,BASIC ELECTRICITY,ETOUA,ETOUA,ETOUA,ETOUA,ETOUA,ETOUA,ETOUA,ETOUA,ETOUA,ETOUA,ETOUA,ETOUA,1927,1827,1882,1368,900,1218,1695,1840,1446,1342,1242,1300,0,4,1,H,2250,8,1950,G1,G1,G1,G1,G1,G1,G1,G1,G1,G1,G1,G1,97.0,79.0,130.0,100.0,362.0,418.0,230.0,246.0,348.0,388.0,95.0,104.0,HYBRID GAS,2597.0,0
131258,MOUNTAIN VIEW,BASIC ELECTRICITY,E1,E1,E1,E1,E1,E1,E1,E1,E1,E1,E1,E1,975,768,819,797,698,648,717,708,693,653,668,794,0,3,1,H,1250,7,1950,G1,G1,G1,G1,G1,G1,G1,G1,G1,G1,G1,G1,88.0,59.0,104.0,69.0,19.0,162.0,241.0,264.0,221.0,318.0,186.0,77.0,,1808.0,0
131314,MOUNTAIN VIEW,BASIC ELECTRICITY,E1,E1,E1,E1,E1,E1,E1,E1,E1,E1,E1,E1,234,221,205,180,167,170,167,195,197,223,248,229,0,1,1,H,750,4,1970,GM,GM,GM,GM,GM,GM,GM,GM,GM,GM,GM,GM,968.0,1091.0,982.0,913.0,794.0,680.0,1250.0,1004.0,1354.0,1494.0,1999.0,1268.0,PHEV,13797.0,0
131475,MOUNTAIN VIEW,BASIC ELECTRICITY,E1,E1,E1,E1,E1,E1,E1,E1,E1,E1,E1,E1,216,204,190,166,156,163,156,181,185,209,229,229,0,1,1,H,750,4,1970,GM,GM,GM,GM,GM,GM,GM,GM,GM,GM,GM,GM,743.0,791.0,782.0,770.0,702.0,661.0,679.0,630.0,713.0,674.0,696.0,784.0,ELECTRIC,8625.0,0
132176,MOUNTAIN VIEW,BASIC ELECTRICITY,E1,E1,E1,E1,E1,E1,E1,E1,E1,E1,E1,E1,216,204,190,166,156,163,156,181,185,209,229,229,0,1,1,H,750,4,1970,GM,GM,GM,GM,GM,GM,GM,GM,GM,GM,GM,GM,743.0,791.0,782.0,770.0,702.0,661.0,679.0,630.0,713.0,674.0,696.0,784.0,PHEV,8625.0,0
132273,LOS ALTOS HILLS,BASIC ELECTRICITY,E1,E1,E1,E1,E1,E1,E1,E1,E1,E1,E1,E1,894,916,909,783,1021,1660,1267,1172,838,875,1071,998,0,4,1,H,2750,8,1960,G1,G1,G1,G1,G1,G1,G1,G1,G1,G1,G1,G1,223.0,186.0,226.0,140.0,91.0,127.0,229.0,195.0,342.0,44.0,88.0,200.0,,2091.0,0
132467,MOUNTAIN VIEW,BASIC ELECTRICITY,E1,E1,E1,E1,E1,E1,E1,E1,E1,E1,E1,E1,1955,1704,1898,1740,1656,1661,1574,1802,1717,1877,2363,2324,0,1,1,H,750,4,1970,GM,GM,GM,GM,GM,GM,GM,GM,GM,GM,GM,GM,743.0,791.0,782.0,770.0,702.0,661.0,679.0,630.0,713.0,674.0,696.0,784.0,PHEV,8625.0,0
132689,MOUNTAIN VIEW,BASIC ELECTRICITY,E1,E1,E1,E1,E1,E1,E1,E1,E1,E1,E1,E1,468,409,423,377,354,379,371,388,446,435,438,470,0,2,1,H,750,5,1960,GM,GM,GM,GM,GM,GM,GM,GM,GM,GM,GM,GM,284.0,293.0,287.0,278.0,231.0,219.0,203.0,197.0,213.0,238.0,254.0,327.0,,3024.0,0
133396,MOUNTAIN VIEW,BASIC ELECTRICITY,E1,E1,E1,E1,E1,E1,E1,E1,E1,E1,E1,E1,1955,1704,1898,1740,1656,1661,1574,1802,1717,1877,2363,2324,0,1,1,H,750,4,1970,G1,G1,G1,G1,G1,G1,G1,G1,G1,G1,G1,G1,0.0,0.0,0.0,0.0,99.0,465.0,443.0,130.0,60.0,90.0,0.0,0.0,PHEV,1287.0,0
133720,LOS ALTOS HILLS,BASIC ELECTRICITY,E1,E1,E1,E1,E1,E1,E1,E1,E1,E1,E1,E1,1044,748,1172,1157,972,1055,1098,1216,1160,1138,1105,982,0,1,1,B,1750,4,2000,G1,G1,G1,G1,G1,G1,G1,G1,G1,G1,G1,G1,182.0,146.0,285.0,149.0,461.0,151.0,206.0,237.0,67.0,169.0,154.0,157.0,,2364.0,0
133925,SARATOGA,BASIC ELECTRICITY,E1,E1,E1,E1,E1,E1,E1,E1,E1,E1,E1,E1,1091,968,925,958,904,899,908,888,935,912,1215,1106,0,4,1,B,2500,8,1950,G1,G1,G1,G1,G1,G1,G1,G1,G1,G1,G1,G1,100.0,84.0,91.0,36.0,21.0,80.0,204.0,6.0,162.0,8.0,71.0,93.0,,956.0,0
135205,LOS GATOS,BASIC ELECTRICITY,E1,E1,E1,E1,E1,E1,E1,E1,E1,E1,E1,E1,175,178,153,142,150,134,152,150,154,174,171,186,0,2,1,B,1000,5,1970,GM,GM,GM,GM,GM,GM,GM,GM,GM,GM,GM,GM,609.0,467.0,443.0,373.0,325.0,329.0,254.0,234.0,227.0,238.0,344.0,401.0,,4244.0,0
135775,CAMPBELL,BASIC ELECTRICITY,E1,E1,E1,E1,E1,E1,E1,E1,E1,E1,E1,E1,2281,2138,306,338,2182,1597,1763,1370,1461,1148,1186,1570,0,5,1,H,2500,8,1950,G1,,G1,,G1,,G1,,,G1,,G1,174.0,,157.0,,145.0,,366.0,,,253.0,,106.0,HYBRID GAS,1201.0,0
136194,MONTE SERENO,BASIC ELECTRICITY,E6,E6,E6,E6,E6,E6,E6,E6,E6,E6,E6,E6,-196,-410,-259,-1035,-1092,-1239,-1239,-1477,-853,-404,-270,-215,1,4,1,B,5000,8,2010,G1,G1,G1,G1,G1,G1,G1,G1,G1,G1,G1,G1,191.0,561.0,776.0,565.0,527.0,401.0,357.0,190.0,344.0,444.0,622.0,559.0,PHEV,5537.0,0
136609,MOUNTAIN VIEW,BASIC ELECTRICITY,E1,E1,E1,E1,E1,E1,E1,E1,E1,E1,E1,E1,95,312,276,215,119,104,117,245,319,379,189,172,0,1,1,H,750,4,1970,G1,G1,G1,G1,G1,G1,G1,G1,G1,G1,G1,G1,0.0,0.0,0.0,0.0,99.0,465.0,443.0,130.0,60.0,90.0,0.0,0.0,ELECTRIC,1287.0,0
136685,SARATOGA,BASIC ELECTRICITY,E1,E1,E1,E1,E1,E1,E1,E1,E1,E1,E1,E1,2020,1829,1866,899,1193,1666,1785,1402,1454,1307,1446,1645,0,2,1,N,1000,5,1940,G1,G1,G1,G1,G1,G1,G1,G1,G1,G1,G1,G1,146.0,130.0,113.0,60.0,46.0,37.0,264.0,384.0,611.0,110.0,100.0,107.0,,2108.0,0
137047,LOS ALTOS,BASIC ELECTRICITY,EVA,EVA,EVA,EVA,EVA,EVA,EVA,EVA,EVA,EVA,EVA,EVA,1407,1642,1346,1351,1408,1501,1364,1568,1714,1718,1530,1535,0,4,1,H,2250,8,1960,G1,G1,G1,G1,G1,G1,G1,G1,G1,G1,G1,G1,341.0,424.0,385.0,266.0,175.0,200.0,210.0,186.0,207.0,135.0,137.0,209.0,ELECTRIC,2875.0,0
138169,MOUNTAIN VIEW,BASIC ELECTRICITY,E1,E1,E1,E1,E1,E1,E1,E1,E1,E1,E1,E1,393,355,330,290,265,262,253,292,285,323,363,336,0,2,1,H,750,4,1960,GM,GM,GM,GM,GM,GM,GM,GM,GM,GM,GM,GM,1027.0,882.0,1033.0,827.0,659.0,462.0,386.0,295.0,314.0,332.0,505.0,876.0,ELECTRIC,7598.0,0
138610,MOUNTAIN VIEW,BASIC ELECTRICITY,E1,E1,E1,E1,E1,E1,E1,E1,E1,E1,E1,E1,1715,1543,1457,1467,1384,1372,1519,1479,1662,1644,1622,1835,0,1,1,H,750,4,1970,GM,GM,GM,GM,GM,GM,GM,GM,GM,GM,GM,GM,930.0,897.0,927.0,857.0,785.0,736.0,721.0,666.0,733.0,694.0,749.0,869.0,PHEV,9564.0,0
138639,MOUNTAIN VIEW,BASIC ELECTRICITY,E1,E1,E1,E1,E1,E1,E1,E1,E1,E1,E1,E1,89,85,78,71,65,66,65,73,72,82,93,90,0,1,1,H,750,4,1970,GM,GM,GM,GM,GM,GM,GM,GM,GM,GM,GM,GM,615.0,719.0,681.0,616.0,630.0,583.0,528.0,547.0,540.0,595.0,576.0,585.0,ELECTRIC,7215.0,0
138674,LOS ALTOS HILLS,BASIC ELECTRICITY,E6,E6,E6,E6,E6,E6,E6,E6,E6,E6,E6,E6,1995,1450,881,736,871,365,1165,1849,2051,2247,2074,1763,1,5,1,B,5000,8,2000,G1,G1,G1,G1,G1,G1,G1,G1,G1,G1,G1,G1,132.0,209.0,195.0,156.0,409.0,371.0,274.0,291.0,428.0,267.0,484.0,202.0,,3418.0,0
139226,MOUNTAIN VIEW,BASIC ELECTRICITY,E1,E1,E1,E1,E1,E1,E1,E1,E1,E1,E1,E1,1105,1118,1224,1168,1127,1142,1043,1090,1041,1086,1277,1104,0,1,1,H,750,4,1970,GM,GM,GM,GM,GM,GM,GM,GM,GM,GM,GM,GM,615.0,719.0,681.0,616.0,630.0,583.0,528.0,547.0,540.0,595.0,576.0,585.0,PHEV,7215.0,0
139711,LOS GATOS,BASIC ELECTRICITY,E1,E1,E1,E1,E1,E1,E1,E1,E1,E1,E1,E1,1103,1037,1189,1194,1323,1400,1488,982,655,879,965,1073,0,5,1,H,4000,8,1920,G1,G1,G1,G1,G1,G1,G1,G1,G1,G1,G1,G1,523.0,409.0,112.0,77.0,38.0,30.0,408.0,104.0,20.0,24.0,56.0,100.0,,1901.0,0
140056,LOS ALTOS HILLS,BASIC ELECTRICITY,ETOUA,ETOUA,ETOUA,ETOUA,ETOUA,ETOUA,ETOUA,ETOUA,ETOUA,ETOUA,ETOUA,ETOUA,1611,1298,945,878,1226,1610,1926,1430,1139,1305,1582,1851,1,4,1,H,4250,8,1950,G1,G1,G1,G1,G1,G1,G1,G1,G1,G1,G1,G1,131.0,192.0,222.0,120.0,203.0,368.0,277.0,351.0,317.0,51.0,98.0,213.0,HYBRID GAS,2543.0,0
140467,LOS ALTOS,BASIC ELECTRICITY,E1,E1,E1,E1,E1,E1,E1,E1,E1,E1,E1,E1,1906,2028,1580,1881,1483,1607,1860,1425,1556,1186,1645,1421,0,5,1,H,5000,8,1920,G1,G1,G1,G1,G1,G1,G1,G1,G1,G1,G1,G1,1.0,0.0,0.0,0.0,314.0,393.0,319.0,169.0,289.0,494.0,338.0,252.0,,2569.0,0
140666,MOUNTAIN VIEW,BASIC ELECTRICITY,E1,E1,E1,E1,E1,E1,E1,E1,E1,E1,E1,E1,1715,1543,1457,1467,1384,1372,1519,1479,1662,1644,1622,1835,0,1,1,H,750,4,1970,GM,GM,GM,GM,GM,GM,GM,GM,GM,GM,GM,GM,970.0,1001.0,975.0,995.0,925.0,878.0,880.0,835.0,893.0,830.0,875.0,966.0,PHEV,11023.0,0
140911,LOS GATOS,BASIC ELECTRICITY,E1,E1,E1,E1,E1,E1,E1,E1,E1,E1,E1,E1,959,897,797,881,995,1839,2517,1708,1033,846,956,1145,0,5,1,B,3750,8,2000,G1,G1,G1,G1,G1,G1,G1,G1,G1,G1,G1,G1,326.0,614.0,467.0,132.0,93.0,457.0,420.0,287.0,414.0,470.0,563.0,392.0,,4635.0,0
142027,LOS GATOS,BASIC ELECTRICITY,E1,E1,E1,E1,E1,E1,E1,E1,E1,E1,E1,E1,441,416,526,520,514,707,644,634,611,538,485,455,0,2,1,H,750,5,1960,GM,GM,GM,GM,GM,GM,GM,GM,GM,GM,GM,GM,431.0,337.0,344.0,295.0,275.0,287.0,235.0,231.0,236.0,237.0,268.0,267.0,,3443.0,0
142813,MOUNTAIN VIEW,BASIC ELECTRICITY,E1,E1,E1,E1,E1,E1,E1,E1,E1,E1,E1,E1,249,256,222,216,215,197,209,239,244,258,300,276,0,1,1,B,750,4,1970,GM,GM,GM,GM,GM,GM,GM,GM,GM,GM,GM,GM,408.0,431.0,457.0,393.0,387.0,382.0,307.0,313.0,342.0,343.0,356.0,453.0,HYBRID GAS,4572.0,0
143562,MOUNTAIN VIEW,BASIC ELECTRICITY,E1,E1,E1,E1,E1,E1,E1,E1,E1,E1,E1,E1,216,204,190,166,156,163,156,181,185,209,229,229,0,1,1,H,750,4,1970,G1,G1,G1,G1,G1,G1,G1,G1,G1,G1,G1,G1,0.0,0.0,0.0,0.0,99.0,465.0,443.0,130.0,60.0,90.0,0.0,0.0,ELECTRIC,1287.0,0
143628,MOUNTAIN VIEW,BASIC ELECTRICITY,E1,E1,E1,E1,E1,E1,E1,E1,E1,E1,E1,E1,139,128,123,109,105,105,93,108,107,117,156,156,0,1,1,H,750,4,1970,GM,GM,GM,GM,GM,GM,GM,GM,GM,GM,GM,GM,930.0,897.0,927.0,857.0,785.0,736.0,721.0,666.0,733.0,694.0,749.0,869.0,ELECTRIC,9564.0,0
144277,MOUNTAIN VIEW,BASIC ELECTRICITY,E1,E1,E1,E1,E1,E1,E1,E1,E1,E1,E1,E1,1051,936,851,869,910,985,1272,1210,976,934,994,1387,0,4,1,H,2500,8,1980,G1,G1,G1,G1,G1,G1,G1,G1,G1,G1,G1,G1,109.0,90.0,79.0,43.0,33.0,207.0,259.0,31.0,115.0,244.0,27.0,69.0,,1306.0,0
144359,MOUNTAIN VIEW,BASIC ELECTRICITY,E1,E1,E1,E1,E1,E1,E1,E1,E1,E1,E1,E1,234,221,205,180,167,170,167,195,197,223,248,229,0,1,1,H,750,4,1970,GM,GM,GM,GM,GM,GM,GM,GM,GM,GM,GM,GM,930.0,897.0,927.0,857.0,785.0,736.0,721.0,666.0,733.0,694.0,749.0,869.0,PHEV,9564.0,0
144708,MOUNTAIN VIEW,BASIC ELECTRICITY,E1,E1,E1,E1,E1,E1,E1,E1,E1,E1,E1,E1,216,204,190,166,156,163,156,181,185,209,229,229,0,1,1,H,750,4,1970,GM,GM,GM,GM,GM,GM,GM,GM,GM,GM,GM,GM,970.0,1001.0,975.0,995.0,925.0,878.0,880.0,835.0,893.0,830.0,875.0,966.0,ELECTRIC,11023.0,0
145912,LOS ALTOS HILLS,BASIC ELECTRICITY,E6,E6,E6,E6,E6,E6,E6,E6,E6,E6,E6,E6,1403,1042,926,345,414,683,517,462,739,1170,1871,2120,1,4,1,B,4750,8,1980,G1,G1,G1,G1,G1,G1,G1,G1,G1,G1,G1,G1,270.0,203.0,293.0,186.0,92.0,194.0,219.0,208.0,323.0,431.0,199.0,246.0,,2864.0,0
145935,MOUNTAIN VIEW,BASIC ELECTRICITY,E1,E1,E1,E1,E1,E1,E1,E1,E1,E1,E1,E1,169,163,151,133,122,123,123,146,145,158,178,171,0,1,1,H,750,4,1970,G1,G1,G1,G1,G1,G1,G1,G1,G1,G1,G1,G1,0.0,0.0,0.0,0.0,99.0,465.0,443.0,130.0,60.0,90.0,0.0,0.0,ELECTRIC,1287.0,0
146387,MOUNTAIN VIEW,BASIC ELECTRICITY,E1,E1,E1,E1,E1,E1,E1,E1,E1,E1,E1,E1,289,269,248,219,202,194,190,218,225,266,313,298,0,1,1,H,750,4,1970,GM,GM,GM,GM,GM,GM,GM,GM,GM,GM,GM,GM,930.0,897.0,927.0,857.0,785.0,736.0,721.0,666.0,733.0,694.0,749.0,869.0,ELECTRIC,9564.0,0
146601,MOUNTAIN VIEW,BASIC ELECTRICITY,E1,E1,E1,E1,E1,E1,E1,E1,E1,E1,E1,E1,169,163,151,133,122,123,123,146,145,158,178,171,0,1,1,H,750,4,1970,G1,G1,G1,G1,G1,G1,G1,G1,G1,G1,G1,G1,0.0,0.0,0.0,0.0,99.0,465.0,443.0,130.0,60.0,90.0,0.0,0.0,PHEV,1287.0,0
147669,MORGAN HILL,BASIC ELECTRICITY,E1,E1,E1,E1,E1,E1,E1,E1,E1,E1,E1,E1,1564,1089,1094,1228,1219,1708,2751,2498,1815,2098,1734,1614,0,4,1,B,3000,8,1990,G1,G1,G1,G1,G1,G1,G1,G1,G1,G1,G1,G1,101.0,115.0,117.0,261.0,148.0,347.0,375.0,281.0,351.0,358.0,240.0,122.0,,2816.0,0
147767,UNINCORPORATED,BASIC ELECTRICITY,ETOUA,ETOUA,ETOUA,ETOUA,ETOUA,ETOUA,ETOUA,ETOUA,ETOUA,ETOUA,ETOUA,ETOUA,930,1022,989,940,1052,1083,1446,1474,1101,1235,1220,1381,0,3,1,H,3000,8,1980,G1,G1,G1,G1,G1,G1,G1,G1,G1,G1,G1,G1,77.0,62.0,74.0,47.0,27.0,116.0,212.0,138.0,142.0,15.0,20.0,34.0,,964.0,0
148102,MOUNTAIN VIEW,BASIC ELECTRICITY,E1,E1,E1,E1,E1,E1,E1,E1,E1,E1,E1,E1,1308,1280,1323,1241,1216,1283,1215,1345,1235,1288,1494,1276,0,1,1,H,750,4,1970,GM,GM,GM,GM,GM,GM,GM,GM,GM,GM,GM,GM,968.0,1091.0,982.0,913.0,794.0,680.0,1250.0,1004.0,1354.0,1494.0,1999.0,1268.0,PHEV,13797.0,0
148113,SARATOGA,BASIC ELECTRICITY,ETOUB,ETOUB,ETOUB,ETOUB,ETOUB,ETOUB,ETOUB,ETOUB,ETOUB,ETOUB,ETOUB,ETOUB,2071,1614,1668,1679,1577,1671,2089,1727,1579,1584,1590,1344,0,4,1,H,3500,8,1980,G1,G1,G1,G1,G1,G1,G1,G1,G1,G1,G1,G1,199.0,142.0,198.0,129.0,344.0,502.0,358.0,385.0,517.0,125.0,77.0,121.0,,3097.0,0
148651,MOUNTAIN VIEW,BASIC ELECTRICITY,E1,E1,E1,E1,E1,E1,E1,E1,E1,E1,E1,E1,43,47,54,39,38,42,38,40,37,38,53,47,0,2,1,H,1000,5,1960,GM,GM,GM,GM,GM,GM,GM,GM,GM,GM,GM,GM,795.0,766.0,798.0,786.0,722.0,815.0,658.0,597.0,606.0,605.0,718.0,802.0,,8668.0,0
149031,MOUNTAIN VIEW,BASIC ELECTRICITY,E1,E1,E1,E1,E1,E1,E1,E1,E1,E1,E1,E1,1105,1118,1224,1168,1127,1142,1043,1090,1041,1086,1277,1104,0,1,1,H,750,4,1970,GM,GM,GM,GM,GM,GM,GM,GM,GM,GM,GM,GM,743.0,791.0,782.0,770.0,702.0,661.0,679.0,630.0,713.0,674.0,696.0,784.0,ELECTRIC,8625.0,0
149368,LOS ALTOS HILLS,BASIC ELECTRICITY,E6,E6,E6,E6,E6,E6,E6,E6,E6,E6,E6,E6,1858,1697,1565,1168,1183,1522,927,1564,1347,1582,2172,2429,1,4,1,H,4250,8,1980,G1,G1,G1,G1,G1,G1,G1,G1,G1,G1,G1,G1,261.0,199.0,241.0,133.0,486.0,318.0,294.0,84.0,587.0,282.0,176.0,239.0,,3300.0,0
150461,MORGAN HILL,BASIC ELECTRICITY,E1,E1,E1,E1,E1,E1,E1,E1,E1,E1,E1,E1,581,138,249,-9,-7,20,795,395,235,267,587,1056,1,4,1,B,3500,8,2000,G1,G1,G1,G1,G1,G1,G1,G1,G1,G1,G1,G1,68.0,53.0,54.0,67.0,168.0,188.0,260.0,20.0,85.0,25.0,53.0,118.0,,1159.0,0
151293,MOUNTAIN VIEW,BASIC ELECTRICITY,E1,E1,E1,E1,E1,E1,E1,E1,E1,E1,E1,E1,234,221,205,180,167,170,167,195,197,223,248,229,0,1,1,H,750,4,1970,G1,G1,G1,G1,G1,G1,G1,G1,G1,G1,G1,G1,0.0,0.0,0.0,0.0,99.0,465.0,443.0,130.0,60.0,90.0,0.0,0.0,ELECTRIC,1287.0,0
151630,MOUNTAIN VIEW,BASIC ELECTRICITY,E1,E1,E1,E1,E1,E1,E1,E1,E1,E1,E1,E1,1308,1280,1323,1241,1216,1283,1215,1345,1235,1288,1494,1276,0,1,1,H,750,4,1970,G1,G1,G1,G1,G1,G1,G1,G1,G1,G1,G1,G1,0.0,0.0,0.0,0.0,99.0,465.0,443.0,130.0,60.0,90.0,0.0,0.0,ELECTRIC,1287.0,0
151825,LOS GATOS,BASIC ELECTRICITY,E1,E1,E1,E1,E1,E1,E1,E1,E1,E1,E1,E1,829,709,859,798,731,752,671,716,689,640,575,584,0,2,1,H,1000,5,1960,GM,GM,GM,GM,GM,GM,GM,GM,GM,GM,GM,GM,367.0,384.0,449.0,422.0,382.0,295.0,249.0,269.0,269.0,275.0,330.0,348.0,,4039.0,0
151832,MOUNTAIN VIEW,BASIC ELECTRICITY,E1,E1,E1,E1,E1,E1,E1,E1,E1,E1,E1,E1,139,128,123,109,105,105,93,108,107,117,156,156,0,1,1,H,750,4,1970,GM,GM,GM,GM,GM,GM,GM,GM,GM,GM,GM,GM,615.0,719.0,681.0,616.0,630.0,583.0,528.0,547.0,540.0,595.0,576.0,585.0,ELECTRIC,7215.0,0
152452,MOUNTAIN VIEW,BASIC ELECTRICITY,E1,E1,E1,E1,E1,E1,E1,E1,E1,E1,E1,E1,95,312,276,215,119,104,117,245,319,379,189,172,0,1,1,H,750,4,1970,GM,GM,GM,GM,GM,GM,GM,GM,GM,GM,GM,GM,930.0,897.0,927.0,857.0,785.0,736.0,721.0,666.0,733.0,694.0,749.0,869.0,PHEV,9564.0,0
153094,MONTE SERENO,BASIC ELECTRICITY,E1,E1,E1,E1,E1,E1,E1,E1,E1,E1,E1,E1,1896,1594,1679,1457,1167,1529,1938,1810,1412,1273,1579,1454,0,4,1,H,3000,8,1970,G1,G1,G1,G1,G1,G1,G1,G1,G1,G1,G1,G1,171.0,177.0,182.0,113.0,68.0,105.0,362.0,307.0,77.0,34.0,107.0,201.0,,1904.0,0
153127,MONTE SERENO,BASIC ELECTRICITY,ETOUA,ETOUA,ETOUA,ETOUA,ETOUA,ETOUA,ETOUA,ETOUA,ETOUA,ETOUA,ETOUA,ETOUA,2475,1914,2509,1251,-87,585,1539,1573,1122,1017,1430,2038,1,3,1,B,5000,8,1950,G1,G1,G1,G1,G1,G1,G1,G1,G1,G1,G1,G1,256.0,223.0,297.0,155.0,50.0,173.0,248.0,51.0,56.0,107.0,127.0,334.0,,2077.0,0
153752,MOUNTAIN VIEW,BASIC ELECTRICITY,E1,E1,E1,E1,E1,E1,E1,E1,E1,E1,E1,E1,95,312,276,215,119,104,117,245,319,379,189,172,0,1,1,H,750,4,1970,GM,GM,GM,GM,GM,GM,GM,GM,GM,GM,GM,GM,970.0,1001.0,975.0,995.0,925.0,878.0,880.0,835.0,893.0,830.0,875.0,966.0,PHEV,11023.0,0
154256,LOS ALTOS HILLS,BASIC ELECTRICITY,E6,E6,E6,E6,E6,E6,E6,E6,E6,E6,E6,E6,1862,2466,1698,1561,1635,1421,1787,2022,1638,1402,1684,2185,1,3,1,H,4250,8,1990,G1,G1,G1,G1,G1,G1,G1,G1,G1,G1,G1,G1,87.0,128.0,167.0,107.0,63.0,208.0,221.0,221.0,439.0,549.0,558.0,127.0,ELECTRIC,2875.0,0
155105,SUNNYVALE,BASIC ELECTRICITY,E1,E1,E1,E1,E1,E1,E1,E1,E1,E1,E1,E1,1747,1784,1849,1643,1456,1164,1079,1240,1389,1310,1554,1583,0,4,1,H,2250,8,1960,G1,,G1,G1,G1,G1,G1,G1,,G1,G1,G1,390.0,,179.0,156.0,97.0,168.0,218.0,363.0,,248.0,260.0,157.0,,2236.0,0
155141,LOS GATOS,ALL ELEC./SPACE HEAT 1985 ONLY,ETOUA,ETOUA,ETOUA,ETOUA,ETOUA,ETOUA,ETOUA,ETOUA,ETOUA,ETOUA,ETOUA,ETOUA,697,120,-339,-1015,-1507,-1609,-1261,-1034,-475,-133,373,672,1,3,1,H,2250,7,1950,G1,G1,G1,G1,G1,G1,G1,G1,G1,G1,G1,G1,242.0,180.0,192.0,119.0,243.0,358.0,243.0,155.0,327.0,474.0,217.0,137.0,,2887.0,0
155735,UNINCORPORATED,BASIC ELECTRICITY,ETOUB,ETOUB,ETOUB,ETOUB,ETOUB,ETOUB,ETOUB,ETOUB,ETOUB,ETOUB,ETOUB,ETOUB,1188,1254,1098,1187,1579,1891,2262,2282,1471,1285,1355,1479,0,3,1,H,2000,8,1940,G1,G1,G1,G1,G1,G1,G1,G1,G1,G1,G1,G1,183.0,132.0,148.0,85.0,71.0,246.0,206.0,104.0,223.0,247.0,30.0,108.0,,1783.0,0
155755,LOS ALTOS HILLS,ALL ELEC./SPACE HEAT 1985 ONLY,EVA,EVA,EVA,EVA,EVA,EVA,EVA,EVA,EVA,EVA,EVA,EVA,1177,1140,910,564,454,1210,1095,1038,997,1458,1465,1920,1,3,0,H,1250,8,1930,G1,G1,G1,G1,G1,G1,G1,G1,G1,G1,G1,G1,160.0,140.0,173.0,131.0,74.0,176.0,231.0,227.0,233.0,65.0,81.0,154.0,ELECTRIC,1845.0,0
155951,MOUNTAIN VIEW,BASIC ELECTRICITY,E1,E1,E1,E1,E1,E1,E1,E1,E1,E1,E1,E1,289,269,248,219,202,194,190,218,225,266,313,298,0,1,1,H,750,4,1970,GM,GM,GM,GM,GM,GM,GM,GM,GM,GM,GM,GM,743.0,791.0,782.0,770.0,702.0,661.0,679.0,630.0,713.0,674.0,696.0,784.0,ELECTRIC,8625.0,0
156060,GILROY,BASIC ELECTRICITY,E1,E1,E1,E1,E1,E1,E1,E1,E1,E1,E1,E1,1007,1022,1160,1168,1306,1639,2490,2126,1442,1173,1304,1372,0,5,1,H,3000,8,2000,G1,G1,G1,G1,G1,G1,G1,G1,G1,G1,G1,G1,113.0,72.0,86.0,59.0,43.0,31.0,355.0,246.0,138.0,19.0,23.0,56.0,,1241.0,0
156175,MOUNTAIN VIEW,BASIC ELECTRICITY,E1,E1,E1,E1,E1,E1,E1,E1,E1,E1,E1,E1,455,370,369,347,321,356,353,390,381,426,533,512,0,2,1,H,1000,5,1960,GM,GM,GM,GM,GM,GM,GM,GM,GM,GM,GM,GM,795.0,766.0,798.0,786.0,722.0,815.0,658.0,597.0,606.0,605.0,718.0,802.0,,8668.0,0
